Hippocampus_R,5906.9296875
Hippocampus_L,791.5694580078125
